# features,LogRegSVD,LinRegSVD
100,0.08110077302263635,0.0662099034
200,0.0976946427,0.0771392508
300,0.1024093187,0.0804852979
