# iterations,100 features,200 features,300 features
500,0.0495895541,0.0528426458,0.0552276413
750,0.0570186075,0.0664586255,0.0715784194
1000,0.0603913563,0.07442388332686135,0.0809260942
1500,0.0762277059,0.0918878439,0.0974924193
2000,0.08110077302263635,0.0976946427,0.1024093187
